<?xml version = '1.0' encoding = 'UTF-8'?>
<Table class="oracle.dbtools.crest.model.design.relational.Table" directorySegmentName="seg_0" id="15104482-29B7-AF1F-0654-31D3A1F23413" name="Day">
<createdBy>Rohan</createdBy>
<createdTime>2016-07-21 19:22:10 UTC</createdTime>
<ownerDesignName>Star Schema Fit World Gym</ownerDesignName>
<allowColumnReorder>false</allowColumnReorder>
<existDependencyGenerateInDDl>true</existDependencyGenerateInDDl>
<columns itemClass="oracle.dbtools.crest.model.design.relational.Column">
<Column name="Date_ID" id="2A7F6935-6052-A501-3669-1E1BD3271BA5">
<createdBy>Rohan</createdBy>
<createdTime>2016-07-21 19:22:33 UTC</createdTime>
<ownerDesignName>Star Schema Fit World Gym</ownerDesignName>
<useDomainConstraints>false</useDomainConstraints>
<use>1</use>
<logicalDatatype>LOGDT007</logicalDatatype>
<autoIncrementCycle>false</autoIncrementCycle>
</Column>
<Column name="Date" id="8286182A-EB97-6A2C-C75D-D62086355C45">
<createdBy>Rohan</createdBy>
<createdTime>2016-07-21 19:22:33 UTC</createdTime>
<ownerDesignName>Star Schema Fit World Gym</ownerDesignName>
<nullsAllowed>true</nullsAllowed>
<useDomainConstraints>false</useDomainConstraints>
<use>1</use>
<logicalDatatype>LOGDT011</logicalDatatype>
<autoIncrementCycle>false</autoIncrementCycle>
</Column>
<Column name="Month" id="71C7AA34-E71B-0B1C-D23D-65926D6FAA2C">
<createdBy>Rohan</createdBy>
<createdTime>2016-07-21 19:22:33 UTC</createdTime>
<ownerDesignName>Star Schema Fit World Gym</ownerDesignName>
<nullsAllowed>true</nullsAllowed>
<useDomainConstraints>false</useDomainConstraints>
<use>1</use>
<logicalDatatype>LOGDT025</logicalDatatype>
<autoIncrementCycle>false</autoIncrementCycle>
</Column>
<Column name="Year" id="9E4FF94C-4159-264F-1BF2-E367E47B8747">
<createdBy>Rohan</createdBy>
<createdTime>2016-07-21 19:22:33 UTC</createdTime>
<ownerDesignName>Star Schema Fit World Gym</ownerDesignName>
<nullsAllowed>true</nullsAllowed>
<useDomainConstraints>false</useDomainConstraints>
<use>1</use>
<logicalDatatype>LOGDT011</logicalDatatype>
<autoIncrementCycle>false</autoIncrementCycle>
</Column>
</columns>
<indexes itemClass="oracle.dbtools.crest.model.design.relational.Index">
<ind_PK_UK id="34A33395-AD6E-0EAF-555B-AFE6B8C5AE13" name="Day_PK">
<createdBy>Rohan</createdBy>
<createdTime>2016-07-21 19:22:33 UTC</createdTime>
<ownerDesignName>Star Schema Fit World Gym</ownerDesignName>
<pk>true</pk>
<indexState>Primary Constraint</indexState>
<isSurrogateKey>false</isSurrogateKey>
<indexColumnUsage>
<colUsage columnID="2A7F6935-6052-A501-3669-1E1BD3271BA5"/>
</indexColumnUsage>
</ind_PK_UK>
</indexes>
</Table>