<?xml version = '1.0' encoding = 'UTF-8'?>
<Table class="oracle.dbtools.crest.model.design.relational.Table" directorySegmentName="seg_0" id="34CFF8EB-7C5F-F7B2-A525-0EDC932D7D62" name="Sales_Fact">
<createdBy>Rohan</createdBy>
<createdTime>2016-07-21 19:14:28 UTC</createdTime>
<ownerDesignName>Star Schema Fit World Gym</ownerDesignName>
<allowColumnReorder>false</allowColumnReorder>
<existDependencyGenerateInDDl>true</existDependencyGenerateInDDl>
<columns itemClass="oracle.dbtools.crest.model.design.relational.Column">
<Column name="Sales_ID" id="A62D9FE2-555F-3643-F290-CC52737A9A0A">
<createdBy>Rohan</createdBy>
<createdTime>2016-07-21 19:15:15 UTC</createdTime>
<ownerDesignName>Star Schema Fit World Gym</ownerDesignName>
<useDomainConstraints>false</useDomainConstraints>
<use>1</use>
<logicalDatatype>LOGDT011</logicalDatatype>
<autoIncrementCycle>false</autoIncrementCycle>
</Column>
<Column name="Date_ID" id="8CCF1710-5CF9-9093-6371-E1A659E52E1F">
<createdBy>Rohan</createdBy>
<createdTime>2016-07-21 19:15:15 UTC</createdTime>
<ownerDesignName>Star Schema Fit World Gym</ownerDesignName>
<nullsAllowed>true</nullsAllowed>
<useDomainConstraints>false</useDomainConstraints>
<use>1</use>
<logicalDatatype>LOGDT007</logicalDatatype>
<autoIncrementCycle>false</autoIncrementCycle>
</Column>
<Column name="Customer_ID" id="3E16FBA6-9C6E-78C1-7C56-7ECF7A48E704">
<createdBy>Rohan</createdBy>
<createdTime>2016-07-21 19:15:15 UTC</createdTime>
<ownerDesignName>Star Schema Fit World Gym</ownerDesignName>
<nullsAllowed>true</nullsAllowed>
<useDomainConstraints>false</useDomainConstraints>
<use>1</use>
<logicalDatatype>LOGDT011</logicalDatatype>
<autoIncrementCycle>false</autoIncrementCycle>
</Column>
<Column name="Product_ID" id="780ECCEA-B369-E6E3-2CAF-B607BEBD3D9B">
<createdBy>Rohan</createdBy>
<createdTime>2016-07-21 19:15:15 UTC</createdTime>
<ownerDesignName>Star Schema Fit World Gym</ownerDesignName>
<nullsAllowed>true</nullsAllowed>
<useDomainConstraints>false</useDomainConstraints>
<use>1</use>
<logicalDatatype>LOGDT011</logicalDatatype>
<autoIncrementCycle>false</autoIncrementCycle>
</Column>
<Column name="Quantity" id="97481DF4-D74A-80CE-9D20-93FC5EC45741">
<createdBy>Rohan</createdBy>
<createdTime>2016-07-21 19:15:15 UTC</createdTime>
<ownerDesignName>Star Schema Fit World Gym</ownerDesignName>
<nullsAllowed>true</nullsAllowed>
<useDomainConstraints>false</useDomainConstraints>
<use>1</use>
<logicalDatatype>LOGDT011</logicalDatatype>
<autoIncrementCycle>false</autoIncrementCycle>
</Column>
<Column name="Amount" id="373362A2-E49E-71C6-913D-75579D43CB79">
<createdBy>Rohan</createdBy>
<createdTime>2016-07-21 19:15:15 UTC</createdTime>
<ownerDesignName>Star Schema Fit World Gym</ownerDesignName>
<nullsAllowed>true</nullsAllowed>
<useDomainConstraints>false</useDomainConstraints>
<use>1</use>
<logicalDatatype>LOGDT020</logicalDatatype>
<autoIncrementCycle>false</autoIncrementCycle>
</Column>
</columns>
<indexes itemClass="oracle.dbtools.crest.model.design.relational.Index">
<ind_PK_UK id="54543ADB-E9CD-E959-5213-499D2898BFEC" name="Sales_Fact_PK">
<createdBy>Rohan</createdBy>
<createdTime>2016-07-21 19:15:15 UTC</createdTime>
<ownerDesignName>Star Schema Fit World Gym</ownerDesignName>
<pk>true</pk>
<indexState>Primary Constraint</indexState>
<isSurrogateKey>false</isSurrogateKey>
<indexColumnUsage>
<colUsage columnID="A62D9FE2-555F-3643-F290-CC52737A9A0A"/>
</indexColumnUsage>
</ind_PK_UK>
</indexes>
</Table>