<?xml version = '1.0' encoding = 'UTF-8'?>
<Table class="oracle.dbtools.crest.model.design.relational.Table" directorySegmentName="seg_0" id="7CF704B7-BCB9-8E80-063B-F7C88992450D" name="Customer ">
<createdBy>Rohan</createdBy>
<createdTime>2016-07-21 19:18:06 UTC</createdTime>
<ownerDesignName>Star Schema Fit World Gym</ownerDesignName>
<allowColumnReorder>false</allowColumnReorder>
<existDependencyGenerateInDDl>true</existDependencyGenerateInDDl>
<columns itemClass="oracle.dbtools.crest.model.design.relational.Column">
<Column name="Customer_ID" id="E9F787FE-D190-DE6F-8EFB-FC2FA8E95504">
<createdBy>Rohan</createdBy>
<createdTime>2016-07-21 19:19:19 UTC</createdTime>
<ownerDesignName>Star Schema Fit World Gym</ownerDesignName>
<useDomainConstraints>false</useDomainConstraints>
<use>1</use>
<logicalDatatype>LOGDT011</logicalDatatype>
<autoIncrementCycle>false</autoIncrementCycle>
</Column>
<Column name="Customer_Name" id="EF44209E-C8FB-FAD1-FB45-C56304DA21AC">
<createdBy>Rohan</createdBy>
<createdTime>2016-07-21 19:19:19 UTC</createdTime>
<ownerDesignName>Star Schema Fit World Gym</ownerDesignName>
<nullsAllowed>true</nullsAllowed>
<useDomainConstraints>false</useDomainConstraints>
<use>1</use>
<logicalDatatype>LOGDT025</logicalDatatype>
<autoIncrementCycle>false</autoIncrementCycle>
</Column>
<Column name="Customer_Category" id="346990F1-1304-8D71-3787-6DCD5C837EAD">
<createdBy>Rohan</createdBy>
<createdTime>2016-07-21 19:19:19 UTC</createdTime>
<ownerDesignName>Star Schema Fit World Gym</ownerDesignName>
<nullsAllowed>true</nullsAllowed>
<useDomainConstraints>false</useDomainConstraints>
<use>1</use>
<logicalDatatype>LOGDT025</logicalDatatype>
<autoIncrementCycle>false</autoIncrementCycle>
</Column>
<Column name="Customer_ZIP" id="41C374AF-53DC-3123-75A4-702C751DB960">
<createdBy>Rohan</createdBy>
<createdTime>2016-07-21 19:19:19 UTC</createdTime>
<ownerDesignName>Star Schema Fit World Gym</ownerDesignName>
<nullsAllowed>true</nullsAllowed>
<useDomainConstraints>false</useDomainConstraints>
<use>1</use>
<logicalDatatype>LOGDT011</logicalDatatype>
<autoIncrementCycle>false</autoIncrementCycle>
</Column>
</columns>
<indexes itemClass="oracle.dbtools.crest.model.design.relational.Index">
<ind_PK_UK id="375B3298-715F-6347-78E4-44C15D4885F0" name="Customer_PK">
<createdBy>Rohan</createdBy>
<createdTime>2016-07-21 19:19:19 UTC</createdTime>
<ownerDesignName>Star Schema Fit World Gym</ownerDesignName>
<pk>true</pk>
<indexState>Primary Constraint</indexState>
<isSurrogateKey>false</isSurrogateKey>
<indexColumnUsage>
<colUsage columnID="E9F787FE-D190-DE6F-8EFB-FC2FA8E95504"/>
</indexColumnUsage>
</ind_PK_UK>
</indexes>
</Table>