<?xml version = '1.0' encoding = 'UTF-8'?>
<Table class="oracle.dbtools.crest.model.design.relational.Table" directorySegmentName="seg_0" id="C83B0826-331B-6DAA-A637-E8DFCD23E2A6" name="Product">
<createdBy>Rohan</createdBy>
<createdTime>2016-07-21 19:20:22 UTC</createdTime>
<ownerDesignName>Star Schema Fit World Gym</ownerDesignName>
<allowColumnReorder>false</allowColumnReorder>
<existDependencyGenerateInDDl>true</existDependencyGenerateInDDl>
<columns itemClass="oracle.dbtools.crest.model.design.relational.Column">
<Column name="Product_ID" id="7488F508-837A-B890-D096-1EA84055254D">
<createdBy>Rohan</createdBy>
<createdTime>2016-07-21 19:20:45 UTC</createdTime>
<ownerDesignName>Star Schema Fit World Gym</ownerDesignName>
<useDomainConstraints>false</useDomainConstraints>
<use>1</use>
<logicalDatatype>LOGDT011</logicalDatatype>
<autoIncrementCycle>false</autoIncrementCycle>
</Column>
<Column name="Product_Category" id="F6E41BEC-FA47-E2FC-82C4-E230AA79454B">
<createdBy>Rohan</createdBy>
<createdTime>2016-07-21 19:20:45 UTC</createdTime>
<ownerDesignName>Star Schema Fit World Gym</ownerDesignName>
<nullsAllowed>true</nullsAllowed>
<useDomainConstraints>false</useDomainConstraints>
<use>1</use>
<logicalDatatype>LOGDT025</logicalDatatype>
<autoIncrementCycle>false</autoIncrementCycle>
</Column>
<Column name="Product_Type" id="300426C0-853B-57B4-C42B-3204BA86FCE9">
<createdBy>Rohan</createdBy>
<createdTime>2016-07-21 19:20:45 UTC</createdTime>
<ownerDesignName>Star Schema Fit World Gym</ownerDesignName>
<nullsAllowed>true</nullsAllowed>
<useDomainConstraints>false</useDomainConstraints>
<use>1</use>
<logicalDatatype>LOGDT025</logicalDatatype>
<autoIncrementCycle>false</autoIncrementCycle>
</Column>
<Column name="Product_Price" id="849EDCAB-2B1C-697C-E78E-7A0DCF8EBE4C">
<createdBy>Rohan</createdBy>
<createdTime>2016-07-21 19:20:45 UTC</createdTime>
<ownerDesignName>Star Schema Fit World Gym</ownerDesignName>
<nullsAllowed>true</nullsAllowed>
<useDomainConstraints>false</useDomainConstraints>
<use>1</use>
<logicalDatatype>LOGDT020</logicalDatatype>
<autoIncrementCycle>false</autoIncrementCycle>
</Column>
</columns>
<indexes itemClass="oracle.dbtools.crest.model.design.relational.Index">
<ind_PK_UK id="1CE6D773-6C1D-9107-389D-4A533E0DB3EA" name="Product_PK">
<createdBy>Rohan</createdBy>
<createdTime>2016-07-21 19:21:09 UTC</createdTime>
<ownerDesignName>Star Schema Fit World Gym</ownerDesignName>
<pk>true</pk>
<indexState>Primary Constraint</indexState>
<isSurrogateKey>false</isSurrogateKey>
<indexColumnUsage>
<colUsage columnID="7488F508-837A-B890-D096-1EA84055254D"/>
</indexColumnUsage>
</ind_PK_UK>
</indexes>
</Table>