<?xml version = '1.0' encoding = 'UTF-8'?>
<Diagram class="oracle.dbtools.crest.swingui.relational.DPVRelational" name="Relational_1" id="385C7B27-8E99-AA4B-CBC4-97903A858453">
<createdBy>Rohan</createdBy>
<createdTime>2016-07-21 19:14:28 UTC</createdTime>
<autoRoute>false</autoRoute>
<boxInbox>true</boxInbox>
<showLegend>false</showLegend>
<showLabels>false</showLabels>
<showRelAttributes>false</showRelAttributes>
<showGrid>false</showGrid>
<diagramColor>-1</diagramColor>
<display>false</display>
<notation>1</notation>
<objectViews>
<OView class="oracle.dbtools.crest.swingui.relational.TVTable" oid="15104482-29B7-AF1F-0654-31D3A1F23413" otype="Table" vid="43D2E8B0-D1D2-A3EE-92D3-AEEC44DD707E">
<hideElementsInCurrentOnly>false</hideElementsInCurrentOnly>
<bounds x="622" y="170" width="120" height="130"/>
</OView>
<OView class="oracle.dbtools.crest.swingui.relational.TVTable" oid="34CFF8EB-7C5F-F7B2-A525-0EDC932D7D62" otype="Table" vid="6CD9CF62-0BCC-13A1-3A99-DC22A0CB93E9">
<hideElementsInCurrentOnly>false</hideElementsInCurrentOnly>
<bounds x="353" y="67" width="201" height="146"/>
</OView>
<OView class="oracle.dbtools.crest.swingui.relational.TVTable" oid="7CF704B7-BCB9-8E80-063B-F7C88992450D" otype="Table" vid="504AB5FD-DCEC-61ED-694D-704D1A14A970">
<hideElementsInCurrentOnly>false</hideElementsInCurrentOnly>
<bounds x="119" y="120" width="153" height="135"/>
</OView>
<OView class="oracle.dbtools.crest.swingui.relational.TVTable" oid="C83B0826-331B-6DAA-A637-E8DFCD23E2A6" otype="Table" vid="D6447A63-761F-272E-9A67-449A1F4AF8AB">
<hideElementsInCurrentOnly>false</hideElementsInCurrentOnly>
<bounds x="128" y="298" width="137" height="138"/>
</OView>
</objectViews>
</Diagram>