<?xml version = '1.0' encoding = 'UTF-8'?>
<relationalModel class="oracle.dbtools.crest.model.design.relational.RelationalDesign" name="Relational_1" id="4AD02C69-BC42-80F3-40BB-C3CEEA9AB460" mainViewID="385C7B27-8E99-AA4B-CBC4-97903A858453">
<createdBy>Rohan</createdBy>
<createdTime>2016-07-21 19:14:15 UTC</createdTime>
<ownerDesignName>Star Schema Fit World Gym</ownerDesignName>
<shouldBeOpen>false</shouldBeOpen>
<selectedRDBMSSite>32076570-2523-435C-2E92-BF29817DFF70</selectedRDBMSSite>
</relationalModel>